{
  "roc_auc": 0.9973118279569892,
  "sensitivity": 0.22580645161290322,
  "specificity": 1.0,
  "f1": 0.3684210526315789,
  "accuracy": 0.4418604651162791,
  "balanced_accuracy": 0.6129032258064516,
  "threshold": 0.9787013530731201,
  "tn": 12.0,
  "fp": 0.0,
  "fn": 24.0,
  "tp": 7.0
}
