model,cv_roc_auc_mean,best_params,validation_roc_auc,validation_sensitivity,validation_specificity,validation_f1,validation_accuracy,validation_balanced_accuracy,validation_threshold,validation_tn,validation_fp,validation_fn,validation_tp
xgboost,0.9055190058479532,"{""classifier__learning_rate"": 0.05, ""classifier__max_depth"": 2, ""classifier__n_estimators"": 100}",0.49305555555555547,0.4,1.0,0.5714285714285714,0.5714285714285714,0.7,0.9787013530731201,12.0,0.0,18.0,12.0
logistic_regression,0.8966557017543859,"{""classifier__C"": 0.1}",0.4916666666666666,0.43333333333333335,1.0,0.6046511627906976,0.5952380952380952,0.7166666666666667,0.951385390677936,12.0,0.0,17.0,13.0
random_forest,0.8900767543859649,"{""classifier__max_depth"": 4, ""classifier__min_samples_leaf"": 4}",0.41944444444444445,0.7666666666666667,0.3333333333333333,0.7540983606557377,0.6428571428571429,0.55,0.8854025271060664,4.0,8.0,7.0,23.0
svm_rbf,0.941703216374269,"{""classifier__C"": 0.5, ""classifier__gamma"": 0.1}",0.14722222222222223,1.0,0.0,0.8333333333333334,0.7142857142857143,0.5,0.19629362277295892,0.0,12.0,0.0,30.0
