{
  "roc_auc": 0.9973118279569892,
  "sensitivity": 1.0,
  "specificity": 0.6666666666666666,
  "f1": 0.9393939393939394,
  "accuracy": 0.9069767441860465,
  "balanced_accuracy": 0.8333333333333333,
  "threshold": 0.7591830492019653,
  "tn": 8.0,
  "fp": 4.0,
  "fn": 0.0,
  "tp": 31.0,
  "brier_score": 0.08329218626022339
}
